,CREAM
,CREAM
,CREAM
,CREAM
,CREAM
,CREAM
,CREAM
,CREAM
,CREAM
,CREAM
,CREAM
,CREAM
,CREAM
,CREAM
,CREAM
,CREAM
,CREAM
,CREAM
,CREAM
,CREAM
,CREAM
,CREAM
,CREAM
,CREAM
,CREAM
,CREAM
,CREAM
,CREAM
,CREAM
,CREAM
,CREAM
,CREAM
,CREAM
,CREAM
,CREAM
,CREAM
,CREAM
,CREAM
,CREAM
,CREAM
,CREAM
,CREAM
,CREAM
,CREAM
,CREAM
,CREAM
,CREAM
,CREAM
,CREAM
,CREAM
,CREAM
,CREAM
,CREAM
,CREAM
,CREAM
,CREAM
,CREAM
,CREAM
,CREAM
,CREAM
,CREAM
,CREAM
,CARAMEL ICE CREAM: CREAM
,CREAM
,CREAM
,CREAM
,CREAM
,CHOCOLATE ICE CREAM: CREAM
,CREAM
,CREAM
,CREAM
,WATER
,CREAM
,WATER
,SKIM MILK
,COCONUT CREAM
,SKIM MILK
,COCONUT CREAM
,CREAM
,CREAM
,CREAM
,VANILLA ICE CREAM
,SKIM MILK
,CREAM
,CHOCOLATE ICE CREAM: CREAM
,ULCE DE LECHE ICE CREAM: CREAM
,CREAM
,CREAM
,CREAM
,CREAM
,CREAM
,WATER
,CREAM
,CREAM
,WATER
,CREAM
,CREAM
,SKIM MILK
,WATER
,PEANUT BUTTER FROZEN DESSERT: WATER
,WHITE CHOCOLATE ICE CREAM
,WHITE CHOCOLATE ICE CREAM: CREAM
,CREAM
,WEET CREAM ICE CREAM: CREAM
,WATER
,CREAM
,CREAM
,CREAM
,CREAM
,CREAM
,CREAM
,CREAM
,CREAM
,CANE SUGAR
,CREAM
,CREAM
,CREAM
,VANILLA ICE CREAM: CREAM
,CREAM
,CREAM
,CREAM
,CREAM
,CREAM
,CREAM
,CREAM
,CREAM
,WHITE CHOCOLATE ICE CREAM
,MANGOS
,MILK
,MILK
,MILK
,MILK
,MILK
,MILK
,MILK
,MILK
,MILK
,MILK
,MILK
,WATER
,MILK
,MILK
,WATER
,MILK
,WATER
,MILK
,MILK
,MILK
,MILK
,MILK
,MILK
,MILK
,MILK
,MILK
,ORGANIC SKIM MILK
,ORGANIC SKIM MILK
,ORGANIC SKIM MILK
,INGREDIENTS: ORGANIC SKIM MILK
,MILK
,WATER
,MILK
,MILK
,MILK
,MILK
,RASPBERRIES
,MILK
,MILK
,MILK
,WATER
,MILK
,MILK
,MILK
,MILK
,MILK
,MILK
,MILK
,MILK
,MILK
,MILK
,SKIM MILK
,SKIM MILK
,SKIM MILK
,SKIM MILK
,MILK
,MILK
,SKIM MILK
,MILK
,MILK
,MILK
,MILK
,SKIM MILK
,MILK
,MILK
,MILK
,MILK
,MILK
,SKIM MILK
,MILK
,ALMOND MILK
,MILK
,MILK
,MILK
,MILK
,SKIM MILK
,SKIM MILK
, SKIM MILK
, SKIM MILK
, LIQUID SUGAR
, SKIM MILK
, SKIM MILK
, LIQUID SUGAR
, SKIM MILK
, SKIM MILK
, LIQUID SUGAR
, LIQUID SUGAR
, SKIM MILK
, SKIM MILK
, SKIM MILK
, SKIM MILK
, SKIM MILK
, SKIM MILK
, SKIM MILK
, LIQUID SUGAR
, SKIM MILK
, LIQUID SUGAR
, SKIM MILK
, SKIM MILK
, SKIM MILK
, SKIM MILK
, SKIM MILK
, SKIM MILK
, SKIM MILK
, LIQUID SUGAR
, LIQUID SUGAR
, SKIM MILK
, SKIM MILK
, SKIM MILK
, LIQUID SUGAR
, LIQUID SUGAR
, SKIM MILK
, SKIM MILK
, LIQUID SUGAR
, WATER
, SKIM MILK
, SKIM MILK
, SKIM MILK
, LIQUID SUGAR
, SKIM MILK
, SKIM MILK
, LIQUID SUGAR
, SKIM MILK
, SKIM MILK
, SKIM MILK
, SKIM MILK
, SKIM MILK
, SKIM MILK
, SKIM MILK
, SKIM MILK
, LIQUID SUGAR
, LIQUID SUGAR
, SKIM MILK
, SKIM MILK
, SKIM MILK
, SKIM MILK
, SKIM MILK
, SKIM MILK
, SKIM MILK
, SKIM MILK
, SKIM MILK
, SKIM MILK
, SKIM MILK
, SKIM MILK
, SKIM MILK
, SKIM MILK
, SKIM MILK
, SKIM MILK
, SUGAR
, SKIM MILK
, SUGAR
, CANE SUGAR
, CORN SYRUP
, SUGAR
, COCONUT EXTRACT
, SKIM MILK
, SKIM MILK
, SKIM MILK
, CREAM
, CREAM
, SKIM MILK
, SKIM MILK
, SKIM MILK
, SKIM MILK
, SKIM MILK
, SKIM MILK
, SKIM MILK
, SKIM MILK
, SUGAR
, SKIM MILK
, SKIM MILK
, SUGAR
, SKIM MILK
, SKIM MILK
, CREAM
, CORN SYRUP
, CORN SYRUP
, PEPPERMINT BARK PIECES
, SKIM MILK
, SKIM MILK
, SKIM MILK
, SUGAR
, SKIM MILK
, SKIM MILK
, SKIM MILK
, SKIM MILK
, SKIM MILK
, SKIM MILK
, SKIM MILK
, SKIM MILK
, SKIM MILK
, SKIM MILK
, SKIM MILK
, SKIM MILK
, SKIM MILK
, SKIM MILK
, SKIM MILK
, SKIM MILK
, SKIM MILK
, SKIM MILK
, SKIM MILK
, SKIM MILK
, SKIM MILK
, CREAM
, WATER
, BANANAS
, SUGAR
, SUGAR
, SUGAR
, SUGAR
, SUGAR
, SUGAR
, SUGAR
, SUGAR
, SUGAR
, SUGAR
, SUGAR
, SUGAR
, SUGAR†
, SUGAR
, SUGAR
, SUGAR
, SUGAR
, SUGAR
, SUGAR
, SUGAR
, SUGAR†
, SUGAR
, SUGAR
, SUGAR
, SUGAR
, ORGANIC CANE SUGAR
, ORGANIC CANE SUGAR
, ORGANIC CREAM
, ORGANIC CREAM
, SUGAR
, PEANUTS
, SUGAR
, SUGAR
, SUGAR†
, SUGAR
, WATER
, SUGAR
, SKIM MILK
, SUGAR
, STRAWBERRIES
, SUGAR
, SUGAR
, SUGAR
, CREAM
, CREAM
, SUGAR
, CREAM
, STRAWBERRIES
, CREAM
, CREAM
, SOLUBLE CORN FIBER
, SOLUBLE CORN FIBER
, SOLUBLE CORN FIBER
, SOLUBLE CORN FIBER
, CREAM
, WATER
, SUGAR
, MALTITOL SYRUP
, OREO COOKIE PIECES
, CORN SYRUP
, CREAM
, CORN SYRUP
, CREAM
, PEACHES
, SUGAR
, MALTITOL SYRUP
, CREAM
, SUGAR
, MALTITOL SYRUP
, WATER
, SUGAR
, FUDGE SWIRL
, CORN SYRUP
, MALTITOL SYRUP
, SUGAR
, SUGAR
, LIQUID SUGAR
, LIQUID SUGAR
, SKIM MILK
, LIQUID SUGAR
, WATER
, SKIM MILK
, WATER
, LIQUID SUGAR
, SKIM MILK
, SKIM MILK
, LIQUID SUGAR
, LIQUID SUGAR
, LIQUID SUGAR
, WATER
, LIQUID SUGAR
, LIQUID SUGAR
, LIQUID SUGAR
, SKIM MILK
, LIQUID SUGAR
, SKIM MILK
, LIQUID SUGAR
, LIQUID SUGAR
, WATER
, LIQUID SUGAR
, LIQUID SUGAR
, WATER
, LIQUID SUGAR
, SKIM MILK
, SKIM MILK
, LIQUID SUGAR
, LIQUID SUGAR
, LIQUID SUGAR
, SKIM MILK
, SKIM MILK
, LIQUID SUGAR
, LIQUID SUGAR
, SKIM MILK
, SKIM MILK
, LIQUID SUGAR
, WATER
, WATER
, SKIM MILK
, LIQUID SUGAR
, WATER
, SKIM MILK
, WATER
, WATER
, LIQUID SUGAR
, LIQUID SUGAR
, LIQUID SUGAR
, WATER
, WATER
, LIQUID SUGAR
, SKIM MILK
, SKIM MILK
, LIQUID SUGAR
, LIQUID SUGAR
, SUGAR
, SUGAR
, SUGAR
, SUGAR
, SUGAR
, SUGAR
, SUGAR
, SUGAR
, SUGAR
, CANE SUGAR
, SUGAR
, SUGAR
, CANE SUGAR
, SUGAR
, CORN SYRUP
, CANE SUGAR
, CORN SYRUP
, CREAM
, WATER
, EGG YOLKS
, WATER
, CANE SUGAR
, SUGAR
, SUGAR
, SKIM MILK
, CANE SUGAR
, SUGAR
, DARK CHOCOLATE
, SUGAR
, SUGAR
, CANE SUGAR
, SUGAR
, SUGAR
, SUGAR
, CORN SYRUP
, SUGAR
, SUGAR
, MANGO PUREE
, SUGAR
, SUGAR
, CANE SUGAR
, SUGAR
, SUGAR
, PEPPERMINT OIL)
, SUGAR
, CANE SUGAR
, SUGAR
, RASPBERRY PUREE
, SUGAR
, SUGAR
, SUGAR
, SUGAR
, CANE SUGAR
, SUGAR
, CANE SUGAR
, STRAWBERRIES
, STRAWBERRIES
, CANE SUGAR
, SUGAR
, CANE SUGAR
, SUGAR
, CANE SUGAR
, CANE SUGAR
, SUGAR
, SUGAR
, SUGAR
, SUGAR
, SUGAR
, SUGAR
, SKIM MILK
, SUGAR
, SUGAR†
, CREAM
, CREAM
, CREAM
, CREAM
, CREAM
, CREAM
, CREAM CHEESE
, CREAM
, PEANUTS
, CREAM
, DESICCATED COCONUT
, EGG YOLK AND EGG
, CREAM
, EGG YOLKS AND EGG WHITES
, CREAM
, COCOA PROCESSED WITH ALKALI
, CREAM
, CREAM
, CREAM
, CREAM
, CREAM
, CREAM
, CREAM
, CREAM
, CREAM
, ORGANIC CREAM
, ORGANIC CREAM
, ORGANIC CANE SUGAR
, ORGANIC CANE SUGAR
, CREAM
, SUGAR
, CREAM
, CREAM
, CREAM
, CREAM
, SUGAR
, SKIM MILK
, SUGAR
, CREAM
, SUGAR
, CREAM
, CREAM
, SKIM MILK
, SUGAR
, SUGAR
, CORN SYRUP
, SUGAR
, CREAM
, SUGAR
, SUGAR
, ERYTHRITOL
, ERYTHRITOL
, ERYTHRITOL
, ERYTHRITOL
, SUGAR
, MALTITOL SYRUP
, CORN SYRUP
, MALTODEXTRIN
, UNBLEACHED ENRICHED FLOUR
, OREO COOKIE PIECES
, SUGAR
, SUGAR
, SUGAR
, SUGAR
, CORN SYRUP
, WATER
, SORBITOL
, CORN SYRUP
, MALTODEXTRIN
, ALMONDS
, CORN SYRUP
, CORN SYRUP
, REESE'S PEANUT BUTTER CUP PIECES
, MALTODEXTRIN
, CARAMEL SWIRL
, SNICKERS PIECES*
, WATER
, WATER
, WATER
,  WATER
, LIQUID SUGAR
, WATER
, LIQUID SUGAR
, WATER
, WATER
, WATER
, WATER
, WATER
, WATER
, LIQUID SUGAR
, WATER
, WATER
, WATER
, WATER
, WATER
, WATER
, WATER
, WATER
, LIQUID SUGAR
, WATER
, WATER
, LIQUID SUGAR
, WATER
, WATER
, WATER
, WATER
, WATER
, WATER
, WATER
, WATER
, WATER
, WATER
, WATER
, LIQUID SUGAR
, WATER
, LIQUID SUGAR
, LIQUID SUGAR
, WATER
, WATER
, LIQUID SUGAR
, WATER
, LIQUID SUGAR
, LIQUID SUGAR
, WATER
, WATER
, WATER
, LIQUID SUGAR
, LIQUID SUGAR
, WATER
, WATER
, WATER
, WATER
, WATER
, RASPBERRY PUREE
, PEANUTS
, BROWN SUGAR
, HONEY
, PECANS
, EGG YOLKS
, EGG YOLKS
, EGG YOLKS
, BLACK CHERRIES
, COCOA PROCESSED WITH ALKALI
, COCOA PROCESSED WITH ALKALI
, WHEAT FLOUR
, CHOCOLATE
, COCOA PROCESSED WITH ALKALI
, CHOCOLATE
, PEANUTS
, BELGIAN CHOCOLATE
, COCOA PROCESSED WITH ALKALI
, SUGAR
, COCONUT CREAM
, CORN SYRUP
, EGG YOLKS
, EGG YOLKS
, POWDERED SUGAR
, CANE SUGAR
, CHOCOLATE
, EGG YOLKS
, SUGAR
, SWEETENED CONDENSED MILK
, SWEETENED CONDENSED MILK
, EGG YOLKS
, SWEETENED CONDENSED MILK
, CORN SYRUP
, CORN SYRUP
, LEMON JUICE CONCENTRATE
, RASPBERRY PUREE
, MANGO PUREE
, NATURAL FLAVOR
, LACTOSE REDUCED SKIM MILK
, PEANUTS
, PEANUTS
, PEANUTS
, PEANUTS
, PEPPERMINT TWISTS CANDY
, CORN SYRUP
, PINEAPPLE
, LACTOSE REDUCED SKIM MILK
, CORN SYRUP
, CORN SYRUP
, EGG YOLKS
, COCOA BUTTER
, CORN SYRUP
, RAISINS
, SWEETENED CONDENSED MILK
, COCOA PROCESSED WITH ALKALI
, CANE SUGAR
, CREAM
, EGG YOLKS
, EGG YOLKS
, EGG YOLKS
, EGG YOLKS
, EGG YOLKS
, EGG YOLKS
, SWEETENED CONDENSED MILK
, LACTOSE REDUCED SKIM MILK
, EGG YOLKS
, EGG YOLKS
, LACTOSE REDUCED SKIM MILK
, EGG YOLKS
, SUGAR
, DEXTROSE
, WHEAT FLOUR
, EGG AND EGG YOLK
, BLACK RASPBERRIES
, BLACK RASPBERRY PUREE
, DEXTROSE
, SKIM MILK
, COCONUT CONCENTRATE
, CREAM
, WHEAT FLOUR
, CREAM
, CHOCOLATE (PROCESSED WITH ALKALI)
, COCONUT OIL
, CREAM
, CHOCOLATE
, COCONUT OIL
, EGG YOLKS AND EGG WHITES
, DEXTROSE
, CHOCOLATE
, EGG AND EGG YOLK
, HAZELNUTS
, DEXTROSE
, LEMON JUICE
, DEXTROSE
, CHOCOLATE
, COCONUT OIL
, DEXTROSE
, ORGANIC MILK
, ORGANIC MILK
, ORGANIC DEXTROSE
, ORGANIC DEXTROSE
, PISTACHIOS
, DEXTROSE
, PEANUTS
, CHOCOLATE (PROCESSED WITH ALKALI)
, WHEAT FLOUR
, CREAM CHEESE
, DEXTROSE
, CREAM
, CREAM
, PECANS
, DEXTROSE
, TAPIOCA SYRUP
, SKIM MILK
, CREAM
, VEGETABLE GUM (TARA)
, CORN SYRUP
, CREAM
, DUTCHED COCOA
, SUGAR
, COCONUT OIL
, STRAWBERRIES
, MILK PROTEIN CONCENTRATE
, CHOCOLATEY CHIPS
, MILK PROTEIN CONCENTRATE
, MILK PROTEIN CONCENTRATE
, CORN SYRUP
, CREAM
, CREAM
, WHEAT FLOUR
, ENRICHED WHEAT FLOUR
, CORN SYRUP
, MILK
, DUTCHED COCOA
, CORN SYRUP
, CREAM
, CREAM
, MALTODEXTRIN
, CREAM
, MONO AND DIGLYCERIDES
, LIQUID SUGAR
, WATER
, HIGH FRUCTOSE CORN SYRUP
, MILK CHOCOLATE
, NATURAL FLAVORS
, CORN SYRUP
, MILK CHOCOLATE
, BROWN SUGAR
, SUGAR
, SUGAR
, CORN SYRUP
, SUGAR
, SUGAR
, ROASTED ALMONDS
, SUGAR
, SUGAR
, SUGAR
, CORN SYRUP
, CORN SYRUP
, SUGAR
, SUGAR
, CHERRIES
, SUGAR
, WHEAT FLOUR
, SUGAR
, CORN SYRUP
, COCOA (PROCESSED WITH ALKALI)
, SUGAR
, SUGAR
, SUGAR
, SUGAR
, SUGAR
, CORN SYRUP
, SUGAR
, COCOA
, SUGAR
, SUGAR
, SUGAR
, SUGAR
, COCOA (PROCESSED WITH ALKALI)
, COCOA
, SUGAR
, PEANUTS
, PEANUTS
, CORN SYRUP
, PISTACHIOS
, SUGAR
, BLUEBERRY PUREE CONCENTRATE
, SUGAR
, SUGAR
, SUGAR
, WHEAT FLOUR
, CORN SYRUP
, CORN SYRUP
, EGG YOLKS
, CORN SYRUP
, SUGAR
, SUGAR
, SUGAR
, SUGAR
, SUGAR
, SUGAR
, SUGAR
, PEANUTS
, LACTOSE REDUCED SKIM MILK
, BANANA PUREE
, EGG YOLKS
, EGG YOLKS
, LACTOSE REDUCED SKIM MILK
, SWEETENED CONDENSED MILK
, SWEETENED CONDENSED MILK
, MILK CHOCOLATE
, EGG YOLKS
, EGG YOLKS
, EGG YOLKS. CHOCOLATY COATING: SUGAR
, BROWN SUGAR
, COCOA PROCESSED WITH ALKALI
, DARK CHOCOLATE
, COCONUT OIL
, EGG YOLKS
, POWDERED SUGAR
, EGG YOLKS
, PECTIN. CARAMEL SWIRL: BROWN SUGAR
, CORN STARCH
, WATER
, COFFEE
, MILK CHOCOLATE
, SUGAR
, EGG YOLKS
, CANE SUGAR
, WHEAT FLOUR
, EGG YOLKS
, EGG YOLKS
, CONDENSED MILK
, GREEN TEA
, CONDENSED MILK
, EGG YOLKS
, POWDERED SUGAR
, PECTIN
, EGG YOLKS
, MANGO
, CARROT JUICE CONCENTRATE
, CORN SYRUP
, EGG YOLKS
, EGG YOLKS
, POWDERED SUGAR
, PEANUT OIL
, PEPPERMINT OIL
, EGG YOLKS
, EGG YOLKS
, CORN SYRUP
, PECTIN
, COCOA PROCESSED WITH ALKALI
, GRAPE JUICE CONCENTRATE
, WHOLE MILK POWDER
, EGG YOLKS
, EGG YOLKS
, CONDENSED MILK
, CREAM
, EGG YOLKS
, CHOCOLATY COATED CONE PIECES
, COCOA BUTTER
, DARK CHOCOLATE
, VANILLA EXTRACT
, VANILLA EXTRACT. CHOCOLATY COATING: SUGAR
, GROUND VANILLA BEANS
, CREAM
, CONDENSED MILK
, CHOCOLATE
, VANILLA EXTRACT
, MILK CHOCOLATE
, CORN SYRUP
, BROWN SUGAR
, EGG YOLKS
, LEMON JUICE
, CREAM
, DEXTROSE
, DEXTROSE
, ROLLED OATS
, SKIM MILK
, COCONUT
, COCONUT
, CHOCOLATE
, DEXTROSE
, EGG AND EGG YOLK
, ALMONDS
, WHEAT FLOUR
, DEXTROSE
, EGG YOLKS
, ALMONDS
, CHOCOLATE
, COCONUT OIL
, EGG AND EGG YOLK
, CHOCOLATE
, CHOCOLATE
, WHEAT FLOUR
, WHEAT FLOUR
, VANILLA EXTRACT
, DEXTROSE
, WHEAT FLOUR
, EGG YOLKS
, ORGANIC BUTTER. ORGANIC GLUCOSE SYRUP
, ORGANIC EGG WHITES AND EGG YOLKS
, ORGANIC GINGER
, OAKWOOD EXTRACT
, DEXTROSE
, SALT
, COCONUT OIL
, DEXTROSE
, PUMPKIN
, CORN SYRUP
, LEMON JUICE
, WATER
, EGG YOLK AND WHOLE EGG
, EGG YOLK AND EGG
, CORN SYRUP
, DEXTROSE
, DEXTROSE
, WATER
, NATURAL FLAVOR
, WHEY
, WHEY
, NATURAL FLAVOR
, WHEY
, WHEY
, WHEY
, DUTCHED COCOA
, MALTITOL
, SUGAR
, CREAM
, EGG YOLKS
, POLYDEXTROSE
, WHEY
, NIACIN
, WHEAT FLOUR
, HIGH FRUCTOSE CORN SYRUP
, COCONUT OIL
, CREAM
, WHEY
, POLYDEXTROSE
, VEGETABLE GUMS
, DUTCHED COCOA (PROCESSED WITH ALKALI)
, VEGETABLE GUMS
, SUGAR
, COCONUT OIL
, WATER
, SUGAR
, SUCRALOSE
, WATER
5, SUGAR
, SUGAR
, PEANUTS
, COCOA (PROCESSED WITH ALKALI)
, COCONUT OIL
, CANOLA OIL
, WHEAT FLOUR
, DRIED CANE SYRUP
, PEANUTS
, WHEAT FLOUR
, COCOA
, DRIED CANE SYRUP
, PECANS
, COFFEE EXTRACT
, CORN SYRUP
, SUGAR
, COCONUT OIL
, SUGAR
, COCOA (PROCESSED WITH ALKALI)
, WHEAT FLOUR
, WHEAT FLOUR
, PEANUTS
, WALNUTS
, DRIED CANE SYRUP
, COCONUT OIL
, COCONUT OIL
, EGG YOLKS
, COCONUT OIL
, DRIED CANE SYRUP
, WHEAT FLOUR
, WHEAT FLOUR
, WHEAT FLOUR
, WHEAT FLOUR
, SUGAR
, DRIED CANE SYRUP
, CANOLA OIL
, SUGAR
, SUGAR
, SUGAR
, EGG YOLKS
, PUMPKIN PUREE
, STRAWBERRIES
, COCOA (PROCESSED WITH ALKALI)
, ALMONDS
, STRAWBERRIES
, SUGAR
, SUGAR
, SUGAR
, SUGAR
, SUGAR
, SOYBEAN OIL
, SOYBEAN OIL
, CHERRIES
, SOYBEAN OIL
, COCOA PROCESSED WITH ALKALI
, HEAVY CREAM
, MILK
, SUGAR
, CORN SYRUP
, EGG YOLKS
, PECANS
, BROWN SUGAR
, CORN SYRUP
, CREAM
, MILK
, SUGAR
, CHERRIES
, COCOA PROCESSED WITH ALKALI
, MOLASSES
, EGG YOLKS
, SUGAR
, POWDERED SUGAR
, CHOCOLATE
, SUGAR
, CORN SYRUP
, COCONUT CREAM
, NATURAL FLAVOR
, SUGAR
, SUGAR
, CORN STARCH
, VANILLA EXTRACT
, COCOA BUTTER
, VANILLA EXTRACT
, COCOA PROCESSED WITH ALKALI
, CORN SYRUP
, SUGAR
, SUGAR
, COFFEE
, SUGAR
, NATURAL FLAVOR
, LEMON JUICE CONCENTRATE
, CORN SYRUP
, LEMON JUICE CONCENTRATE
, EGG YOLKS
, PEANUT OIL
, CHOCOLATE
, SUGAR
, COCONUT OIL
, SOY LECITHIN)
, NATURAL FLAVOR
, NATURAL FLAVOR
, EGG YOLKS
, LEMON JUICE CONCENTRATE
, EGG YOLKS
, NATURAL FLAVOR
, EGG YOLKS
, COCOA BUTTER
, RUM
, SUGAR
, SKIM MILK
, COCONUT OIL
, CREAM
, SUGAR
, COCOA PROCESSED WITH ALKALI
, VANILLA EXTRACT
, SKIM MILK
, SUGAR
, CORN SYRUP
, MILK CHOCOLATE
, SUGAR
, EGG YOLKS
, COFFEE
, COCOA BUTTER
, CAROB BEAN GUM
, NONFAT MILK
, CHOCOLATE
, CHOCOLATE (PROCESSED WITH ALKALI)
, COCONUT OIL
, WHEAT FLOUR
, PALM AND SOYBEAN OILS
, DEXTROSE
, EGG YOLKS AND EGG WHITES
, SKIM MILK
, DEXTROSE
, COCONUT CONCENTRATE
, DEXTROSE
, CHOCOLATE (PROCESSED WITH ALKALI)
, WATER
, COFFEE EXTRACT CONCENTRATE
, COCOA PROCESSED WITH ALKALI
, EGG YOLKS
, DEXTROSE
, DEXTROSE
, DEXTROSE
, COTTONSEED OIL
, TAPIOCA SYRUP
, SUNFLOWER LECITHIN
, MILK FAT
, COCOA PROCESSED WITH ALKALI
, CAROB GUM
, ORGANIC EGG YOLKS
, ORGANIC DEXTROSE
, ORGANIC MATCHA GREEN TEA
, ORGANIC CAROB BEAN GUM
, CAROB BEAN GUM
, COCOA PROCESSED WITH ALKALI
, WHEAT FLOUR
, COCOA BUTTER
, WATER
, ENRICHED FLOUR
, CAROB BEAN GUM
, COCONUT OIL
, CORN SYRUP
, DEXTROSE
, LEMON JUICE
, ROLLED OATS
, VANILLA EXTRACT
, COCONUT OIL
, EGG YOLKS
, VEGETABLE GUMS
, VEGETABLE GUM (TARA)
, DUTCHED COCOA
, DUTCHED COCOA (PROCESSED WITH ALKALI)
, VITAMIN A PALMITATE
, CHOCOLATE LIQUOR
, CREAM
, SUGAR
, WHEY
, GLYCERIN
, VEGETABLE GUMS
, REDUCED IRON
, NIACIN
, WHEY
, WHEY
, WHEY
, DUTCHED COCOA (PROCESSED WITH ALKALI)
, GLYCERIN
, GUAR
, WHEY
, CAROB BEAN
, WATER
, DEXTROSE
, SUGAR
, COCOA BUTTER
, SOY LECITHIN
, BUTTER
6, COCOA BUTTER
